City,Cloudiness,Country,Date,Humidity,Lat,Lng,Max Temp,Windspeed
beterou,100,BJ,1635298737,86,9.1992,2.2586,74.84,3.33
sao filipe,61,CV,1635298738,77,14.8961,-24.4956,78.93,11.36
punta arenas,0,CL,1635298661,70,-53.15,-70.9167,42.91,14.97
dunedin,80,NZ,1635298739,83,-45.8742,170.5036,57.54,4.52
chik,20,RU,1635298739,63,54.9928,82.4311,28.18,11.18
kota bahru,20,MY,1635298739,88,6.1333,102.2386,84.88,5.01
padang,100,ID,1635298740,81,-0.9492,100.3543,78.85,1.7
ust-uda,98,RU,1635298740,64,54.1742,103.0304,40.98,2.77
san pedro de ycuamandiyu,18,PY,1635298740,71,-24.0917,-57.0764,69.28,4.72
hasaki,100,JP,1635298698,64,35.7333,140.8333,59.4,9.22
riyadh,0,SA,1635298626,26,24.6877,46.7219,73.54,10.18
yellowknife,90,CA,1635298741,100,62.456,-114.3525,40.41,4.61
rio grande,0,BR,1635298660,81,-32.035,-52.0986,63.95,4.16
burnie,0,AU,1635298742,54,-41.0667,145.9167,60.94,7.11
saint-louis,96,SN,1635298742,46,16.3333,-15,83.43,9.71
rikitea,100,PF,1635298743,83,-23.1203,-134.9692,74.46,12.82
puerto ayora,95,EC,1635298535,93,-0.7393,-90.3518,68.56,3
ushuaia,20,AR,1635298630,81,-54.8,-68.3,40.66,11.5
port alfred,99,ZA,1635298743,85,-33.5906,26.891,67.1,29.77
dauriya,1,RU,1635298744,80,49.9333,116.8667,36.34,5.1
diamantino,98,BR,1635298744,84,-14.4086,-56.4461,73.85,3.44
lannion,0,FR,1635298744,94,48.75,-3.4167,55.65,9.22
kapaa,1,US,1635298745,71,22.0752,-159.319,82.38,3
mar del plata,0,AR,1635298452,68,-38.0023,-57.5575,63.88,3
partenit,49,UA,1635298745,79,44.578,34.3446,43.21,6.44
tuktoyaktuk,90,CA,1635298746,100,69.4541,-133.0374,28.4,2.3
vaini,20,TO,1635298746,78,-21.2,-175.2,78.96,14.97
hermanus,84,ZA,1635298657,86,-34.4187,19.2345,64.9,16.69
vestmannaeyjar,100,IS,1635298558,82,63.4427,-20.2734,44.67,24.67
matara,86,LK,1635298747,82,5.9485,80.5353,76.59,6.71
qovlar,0,AZ,1635298747,88,40.948,45.735,36.45,0.65
henties bay,98,NA,1635298748,80,-22.116,14.2845,58.86,8.23
saldanha,77,ZA,1635298505,68,-33.0117,17.9442,63.79,7.45
hirara,40,JP,1635298748,53,24.8,125.2833,80.46,11.5
mayo,90,CA,1635298749,100,63.5927,-135.8998,30.2,0
kyshtovka,54,RU,1635298749,77,56.555,76.6271,27.81,11.86
lagoa,100,PT,1635298674,90,39.05,-27.9833,68.68,26.55
kaitangata,67,NZ,1635298750,72,-46.2817,169.8464,59.47,7.29
oron,100,NG,1635298750,93,4.8256,8.2343,75.25,1.63
cape town,0,ZA,1635298512,65,-33.9258,18.4232,65.26,1.99
orotukan,17,RU,1635298750,85,62.2667,151.7,9.61,2.06
nizhniy kuranakh,100,RU,1635298751,93,58.8353,125.4869,32.67,11.54
jimeta,85,NG,1635298751,87,9.2833,12.4667,75.36,2.26
tiznit,1,MA,1635298752,77,29.5833,-9.5,59.0,0.6
qaanaaq,100,GL,1635298752,94,77.484,-69.3632,20.07,13.76
mumford,34,GH,1635298606,87,5.2618,-0.759,77.07,4.79
upernavik,99,GL,1635298753,47,72.7868,-56.1549,17.58,4.21
hobart,20,AU,1635298753,50,-42.8794,147.3294,70.05,4
atuona,5,PF,1635298535,68,-9.8,-139.0333,77.7,13.29
manyana,13,BW,1635298754,55,-23.4,21.7167,69.64,8.12
acapulco,100,MX,1635298814,87,16.8634,-99.8901,79.95,5.03
haines junction,99,CA,1635298814,86,60.7522,-137.5108,28.35,0
linguere,100,SN,1635298815,58,15.3953,-15.1193,81.55,9.53
natitingou,100,BJ,1635298815,74,10.3042,1.3796,74.91,1.99
sinnar,46,SD,1635298816,35,13.5691,33.5672,84.85,6.93
mouila,100,GA,1635298816,98,-1.8685,11.0559,73.96,0.87
albany,90,AU,1635298817,87,-35.0169,117.8917,50.43,4.61
cayenne,20,GF,1635298817,88,4.9333,-52.3333,81.09,1.99
narsaq,88,GL,1635298818,59,60.9167,-46.05,32.22,7.54
ascoli piceno,100,IT,1635298818,92,42.8548,13.5749,59.85,3
avarua,40,CK,1635298819,65,-21.2078,-159.775,78.85,11.5
ilulissat,4,GL,1635298819,57,69.2167,-51.1,12.22,5.75
ponta do sol,66,CV,1635298820,76,17.1994,-25.0919,76.78,11.88
provideniya,90,RU,1635298820,68,64.3833,-173.3,19.51,8.95
troitsko-pechorsk,96,RU,1635298821,97,62.7084,56.1964,19.56,3.76
dikson,100,RU,1635298821,88,73.5069,80.5464,12.74,9.31
port lincoln,39,AU,1635298821,55,-34.7333,135.8667,72.16,10.78
clyde river,100,CA,1635298822,82,70.4692,-68.5914,22.96,4.85
asosa,40,ET,1635298822,70,10.0667,34.5333,60.44,3.71
saskylakh,99,RU,1635298822,98,71.9167,114.0833,-0.44,2.06
saint-philippe,17,RE,1635298823,74,-21.3585,55.7679,71.15,10.02
biak,16,ID,1635298823,64,-0.9131,122.8766,85.23,1.41
nantucket,100,US,1635298540,93,41.2835,-70.0995,59.14,43.87
jamestown,53,SH,1635298824,73,-15.9387,-5.7168,62.17,19.01
celendin,95,PE,1635298824,88,-6.8703,-78.1517,56.01,2.93
bethel,90,US,1635298824,92,41.3712,-73.414,57.51,1.99
faanui,51,PF,1635298825,71,-16.4833,-151.75,79.92,7.27
taoudenni,81,ML,1635298825,18,22.6783,-3.9836,86.5,7.54
harlingen,100,NL,1635298826,95,53.1748,5.4224,58.98,24.11
puerto madero,75,MX,1635298826,100,14.7208,-92.4215,82.6,0
antofagasta,8,CL,1635298563,69,-23.65,-70.4,60.08,1.23
chuy,0,UY,1635298607,86,-33.6971,-53.4616,66.13,6.78
severo-kurilsk,100,RU,1635298827,85,50.6789,156.125,46.45,5.57
longyearbyen,75,SJ,1635298827,67,78.2186,15.6401,17.44,8.05
sozopol,95,BG,1635298827,70,42.4167,27.7,55.74,8.66
nanortalik,82,GL,1635298828,64,60.1432,-45.2371,35.53,3.67
barkhan,0,PK,1635298828,47,29.8977,69.5256,58.96,5.03
ishigaki,75,JP,1635298829,69,24.3448,124.1572,77.13,13.8
bambous virieux,54,MU,1635298829,65,-20.3428,57.7575,72.21,13.24
iralaya,12,HN,1635298829,80,15,-83.2333,80.53,6.78
moree,0,AU,1635298830,26,-29.4667,149.85,86.02,11.5
bathsheba,20,BB,1635298830,78,13.2167,-59.5167,81.21,18.41
hofn,100,IS,1635298830,79,64.2539,-15.2082,42.76,10.09
bandarbeyla,52,SO,1635298831,81,9.4942,50.8122,76.41,2.8
port elizabeth,90,ZA,1635298831,88,-33.918,25.5701,67.1,19.57
fort nelson,90,CA,1635298831,100,58.8053,-122.7002,31.59,2.3
salym,7,RU,1635298832,86,60.0625,71.4789,22.17,9.64
touros,16,BR,1635298832,75,-5.1989,-35.4608,76.1,15.1
bluff,54,NZ,1635298832,73,-46.6,168.3333,57.99,3.8
talnakh,100,RU,1635298833,90,69.4865,88.3972,10.96,4.43
olinda,75,BR,1635298816,69,-8.0089,-34.8553,80.33,8.05
kurilsk,96,RU,1635298893,65,45.2333,147.8833,51.71,5.86
harper,98,LR,1635298894,90,4.375,-7.7169,76.71,5.37
sterling,75,US,1635298685,67,39.0062,-77.4286,54.05,1.01
victoria,20,SC,1635298894,74,-4.6167,55.45,79.86,11.5
georgetown,100,SH,1635298895,75,-7.9333,-14.4167,74.71,17.96
sovetskiy,2,RU,1635298896,71,61.3614,63.5842,21.78,5.21
ambon,20,ID,1635298786,74,-3.6954,128.1814,86.14,3.44
dzaoudzi,0,YT,1635298896,83,-12.7887,45.2699,78.69,5.75
new norfolk,0,AU,1635298897,34,-42.7826,147.0587,69.71,3.53
nemuro,3,JP,1635298897,74,43.3236,145.575,59.43,4.56
norman wells,90,CA,1635298609,93,65.282,-126.8329,26.64,5.75
lazaro cardenas,100,MX,1635298898,84,17.9583,-102.2,78.82,2.48
lerwick,52,GB,1635298699,91,60.1545,-1.1494,53.6,20.74
seydi,100,TM,1635298898,47,39.4816,62.9137,52.9,6.87
de-kastri,78,RU,1635298899,64,51.4667,140.7833,49.51,2.04
sicuani,20,PE,1635298899,65,-14.2694,-71.2261,51.42,5.48
samoded,100,RU,1635298900,98,63.6083,40.5111,39.06,8.46
nikolskoye,100,RU,1635298900,94,59.7035,30.7861,44.4,8.75
chongwe,13,ZM,1635298843,68,-15.3292,28.682,70.47,9.48
luanda,90,AO,1635298735,79,-8.8368,13.2343,73.2,7.09
carnarvon,90,AU,1635298901,49,-24.8667,113.6333,69.87,12.66
cachoeira do sul,0,BR,1635298901,66,-30.0392,-52.8939,64.72,0.92
kibaya,62,TZ,1635298901,83,-5.3,36.5667,59.68,6.24
naze,46,JP,1635298902,56,28.3667,129.4833,74.32,12.64
erenhot,0,CN,1635298902,34,43.6475,111.9767,44.33,8.41
zorritos,100,PE,1635298902,83,-3.6805,-80.6782,71.91,1.12
katsuura,100,JP,1635298903,81,35.1333,140.3,62.71,9.42
sugar land,1,US,1635298727,86,29.6197,-95.6349,79.79,4
mahanoro,44,MG,1635298903,84,-19.9,48.8,68.88,4.68
arawa,39,PG,1635298904,62,-6.2132,155.5367,87.58,5.26
kahului,40,US,1635298812,77,20.8947,-156.47,85.26,19.57
russell,99,NZ,1635298416,70,-35.2613,174.1236,73.24,8.03
rio gallegos,0,AR,1635298904,57,-51.6226,-69.2181,46.45,14.97
baihar,15,IN,1635298905,62,22.1,80.55,67.86,1.81
coolum beach,47,AU,1635298905,76,-26.5333,153.1,83.34,1.01
pacific grove,40,US,1635298905,76,36.6177,-121.9166,63.0,1.01
barrow,75,US,1635298802,78,71.2906,-156.7887,8.62,6.91
umm kaddadah,44,SD,1635298906,23,13.6017,26.6876,79.09,10.47
ust-nera,100,RU,1635298906,92,64.5667,143.2,14.09,2.19
noyabrsk,100,RU,1635298907,88,63.1994,75.4507,19.51,17.74
kavieng,98,PG,1635298907,65,-2.5744,150.7967,85.5,3.4
bredasdorp,100,ZA,1635298908,82,-34.5322,20.0403,64.27,19.57
muros,15,ES,1635298908,96,42.7762,-9.0603,60.84,4.52
arraial do cabo,100,BR,1635298908,97,-22.9661,-42.0278,71.76,7.05
san patricio,75,MX,1635298909,74,19.2167,-104.7,86.11,0
shelopugino,2,RU,1635298909,53,51.6514,117.5599,39.7,5.26
broken hill,18,AU,1635298909,10,-31.95,141.4333,83.91,14.97
taperoa,11,BR,1635298910,80,-7.2075,-36.8267,70.93,17.52
katobu,27,ID,1635298910,53,-4.9408,122.5276,90.59,4.23
yumen,0,CN,1635298970,57,40.2833,97.2,41.79,2.24
lomovka,100,RU,1635298971,65,53.9194,58.3672,29.32,8.99
ouallam,17,NE,1635298971,20,14.3188,2.0866,86.04,4.09
hithadhoo,100,MV,1635298972,69,-0.6,73.0833,83.88,15.32
horsham,37,AU,1635298972,13,-36.7167,142.2,83.12,17
tasiilaq,100,GL,1635298972,80,65.6145,-37.6368,37.56,7.25
ruwi,0,OM,1635298973,68,23.5996,58.5507,78.49,7.11
barentu,97,ER,1635298973,45,15.1139,37.5928,76.53,7.05
pinawa,100,CA,1635298973,59,50.1489,-95.8811,45.48,14.12
inverell,0,AU,1635298974,54,-29.7833,151.1167,82.11,4
geraldton,75,AU,1635298974,88,-28.7667,114.6,62.13,17.27
aksu,100,CN,1635298975,40,41.1231,80.2644,48.88,2.53
agadez,0,NE,1635298975,16,19.75,10.25,77.41,8.86
lebu,0,CL,1635298975,87,-37.6167,-73.65,52.14,15.48
itoman,20,JP,1635298976,54,26.1247,127.6694,78.82,14.97
palmeirais,93,BR,1635298976,49,-5.9778,-43.0633,83.03,3.27
vardo,100,NO,1635298976,57,70.3705,31.1107,35.24,23.4
te anau,99,NZ,1635298977,56,-45.4167,167.7167,62.28,2.98
sandy bay,20,HN,1635298977,84,16.3292,-86.5645,85.15,20.71
port hardy,90,CA,1635298977,93,50.6996,-127.4199,48.2,3.44
kununurra,15,AU,1635298894,38,-15.7667,128.7333,94.98,5.75
aklavik,90,CA,1635298978,93,68.2191,-135.0107,27.32,3.44
nacala,0,MZ,1635298752,92,-14.5428,40.6728,72.48,5.01
chapais,100,CA,1635298978,71,49.7834,-74.8492,37.18,5.97
bacolod,46,PH,1635298979,75,10.6667,122.95,84.67,11.7
sotouboua,100,TG,1635298979,86,8.5667,0.9833,73.72,2.04
pevek,100,RU,1635298709,93,69.7008,170.3133,11.08,13.09
roma,0,AU,1635298980,21,-26.5833,148.7833,93.06,8.59
marienburg,51,SR,1635298980,94,5.8469,-55.0216,79.0,7.52
torbay,90,CA,1635298981,86,47.6666,-52.7314,39.58,4.61
leningradskiy,100,RU,1635298981,91,69.3833,178.4167,9.16,22.44
cherskiy,41,RU,1635298982,98,68.75,161.3,-13.68,3.94
isangel,75,VU,1635298983,79,-19.55,169.2667,84.31,2.3
rawson,2,AR,1635298741,39,-43.3002,-65.1023,66.4,15.9
egvekinot,96,RU,1635298983,83,66.3167,-179.1667,4.8,7.09
cabo san lucas,5,MX,1635298983,68,22.8909,-109.9124,81.7,5.99
ribeira grande,100,PT,1635298984,90,38.5167,-28.7,69.87,22.35
peniche,6,PT,1635298984,87,39.3558,-9.3811,65.62,7.2
butaritari,15,KI,1635298984,73,3.0707,172.7902,82.72,10.29
baykit,99,RU,1635298985,88,61.67,96.37,33.46,14.38
brigantine,90,US,1635298985,79,39.4101,-74.3646,54.01,20.71
kuandian,0,CN,1635298986,50,40.7286,124.7847,50.7,3.87
husavik,100,IS,1635298877,93,66.0449,-17.3389,39.11,12.44
soure,100,BR,1635298987,76,-0.7167,-48.5233,81.39,11.63
sorland,31,NO,1635298988,87,67.667,12.6934,46.56,14.83
castro,90,CL,1635298988,90,-42.4721,-73.7732,52.39,10.36
ucluelet,88,CA,1635298767,89,48.9329,-125.5528,51.1,4
guerrero negro,0,MX,1635298989,70,27.9769,-114.0611,66.2,15.12
cidreira,0,BR,1635298990,75,-30.1811,-50.2056,67.8,10.78
umtata,91,ZA,1635298990,94,-31.5889,28.7844,55.96,5.75
mpanda,97,TZ,1635299051,42,-6.3655,31.0409,68.59,1.36
kruisfontein,97,ZA,1635299051,83,-34.0033,24.7314,64.89,16.22
sur,0,OM,1635299052,73,22.5667,59.5289,77.92,8.66
phan thiet,100,VN,1635298974,88,10.9333,108.1,76.95,8.63
khatanga,96,RU,1635299052,100,71.9667,102.5,-5.58,2.24
kilindoni,4,TZ,1635299053,77,-7.9139,39.6668,78.31,11.81
luwuk,17,ID,1635299053,61,-0.9516,122.7875,88.11,3.47
iqaluit,75,CA,1635299054,86,63.7506,-68.5145,28.13,8.01
meulaboh,100,ID,1635299054,82,4.1363,96.1285,79.38,3.76
gizo,14,SB,1635299054,69,-8.103,156.8419,84.34,5.57
xai-xai,16,MZ,1635299055,89,-25.0519,33.6442,69.8,8.16
bilibino,98,RU,1635299055,99,68.0546,166.4372,-13.29,0.76
esperance,100,AU,1635299055,46,-33.8667,121.9,60.64,6.64
namatanai,51,PG,1635299056,72,-3.6667,152.4333,83.62,6.13
matay,0,EG,1635299056,59,28.419,30.7792,68.45,7.58
busselton,78,AU,1635298869,71,-33.65,115.3333,56.05,15.37
klaksvik,0,FO,1635299057,84,62.2266,-6.589,50.92,22.48
mitu,100,CO,1635299058,98,1.1983,-70.1733,73.06,0.78
bougouni,70,ML,1635299058,74,11.417,-7.479,76.24,4.34
hilo,20,US,1635299058,73,19.7297,-155.09,80.33,8.05
sambava,0,MG,1635299059,84,-14.2667,50.1667,70.03,9.4
mikhaylovskaya,0,RU,1635299059,81,44.9947,40.5964,35.85,9.19
pangnirtung,89,CA,1635299060,90,66.1451,-65.7125,26.15,7.05
conceicao da barra,9,BR,1635298775,88,-18.5933,-39.7322,74.37,5.84
vaitape,51,PF,1635299060,71,-16.5167,-151.75,79.9,7.25
mikuni,100,JP,1635299061,66,36.2171,136.1519,66.11,6.69
alta,90,NO,1635298935,76,69.9689,23.2717,31.26,12.66
liwale,22,TZ,1635299061,97,-9.7667,37.9333,65.82,0.85
dong hoi,100,VN,1635299062,90,17.4833,106.6,73.26,16.28
west monroe,1,US,1635299062,68,32.5185,-92.1476,70.52,3.44
jertih,98,MY,1635299063,76,5.7336,102.4897,80.47,3
porto novo,72,CV,1635299063,78,17.0197,-25.0647,77.0,11.39
necochea,0,AR,1635299063,47,-38.5473,-58.7368,57.04,9.19
sao felix do xingu,100,BR,1635299064,99,-6.6447,-51.995,71.74,0.65
atasu,100,KZ,1635299064,84,48.6814,71.6433,36.03,13.18
nyurba,36,RU,1635299064,78,63.2842,118.3319,21.97,7.34
catabola,96,AO,1635299065,91,-12.15,17.2833,62.42,2.28
gananoque,100,CA,1635299065,97,44.3334,-76.1661,48.58,17.13
grindavik,90,IS,1635299065,81,63.8424,-22.4338,44.55,31.07
bengkulu,100,ID,1635299066,91,-3.8004,102.2655,75.61,7.96
fez,0,MA,1635299066,58,34.0372,-4.9998,59.11,4.61
hay river,40,CA,1635299038,81,60.8156,-115.7999,40.98,5.75
demirci,0,TR,1635299066,45,39.0461,28.6589,43.61,5.75
laguna,70,BR,1635299067,89,-28.4825,-48.7808,65.88,10.49
smoky lake,1,CA,1635299067,75,54.1169,-112.4686,45.36,2.3
vostok,100,RU,1635299068,96,46.4856,135.8833,37.65,3.22
odweyne,10,SO,1635299068,46,9.4092,45.064,70.48,1.34
svetlaya,100,RU,1635299068,49,46.5389,138.3297,53.87,6.35
horia,9,RO,1635299069,80,45.0167,28.45,38.43,4.16
salalah,0,OM,1635299069,56,17.0151,54.0924,71.69,4.61
fortuna,100,US,1635298960,67,40.5982,-124.1573,57.36,7
andros town,0,BS,1635299130,77,24.7,-77.7667,80.56,11.14
maldonado,0,UY,1635298920,83,-34.6667,-54.9167,65.59,5.5
honningsvag,77,NO,1635299130,56,70.9821,25.9704,36.14,26.8
koslan,100,RU,1635299131,95,63.4564,48.8989,27.46,9.4
afyonkarahisar,2,TR,1635299131,50,38.75,30.6667,41.22,3.06
huicungo,70,PE,1635299131,88,-7.2833,-76.8,69.39,1.23
ukiah,90,US,1635299103,93,39.1502,-123.2078,58.12,5.75
naron,75,ES,1635299132,68,43.5167,-8.1528,53.67,4.92
hun,81,LY,1635299133,59,29.1268,15.9477,66.9,7.49
parkes,0,AU,1635299133,11,-33.1333,148.1833,84.34,1.99
ahtopol,97,BG,1635299134,72,42.1,27.95,55.87,8.81
wladyslawowo,20,PL,1635298984,90,54.7909,18.4009,49.55,14.36
trelew,2,AR,1635298877,33,-43.249,-65.3051,69.03,20.11
gawler,100,AU,1635299134,30,-34.6,138.7333,71.35,10.29
kavaratti,100,IN,1635299135,78,10.5669,72.642,81.25,11.83
karratha,0,AU,1635298928,21,-20.7377,116.8463,83.23,8.19
teguldet,100,RU,1635299135,70,57.3064,88.1667,29.21,16.55
ketchikan,90,US,1635299136,93,55.3422,-131.6461,46.87,13.8
santa maria,40,CV,1635299136,78,16.6,-22.9,77.59,14.97
san cristobal,98,EC,1635299137,82,-0.9045,-89.6174,69.84,10.78
indianola,99,US,1635298862,68,41.3581,-93.5574,55.92,17.63
prachatice,100,CZ,1635299137,95,49.0129,13.9975,44.15,4.9
patea,100,NZ,1635299138,66,-39.7583,174.4833,62.67,8.14
correntina,78,BR,1635299138,64,-13.3433,-44.6367,76.8,8.03
quatre cocos,24,MU,1635299139,66,-20.2078,57.7625,72.09,13.11
kyzyl-suu,50,KG,1635299139,43,42.3414,78.0056,39.16,6.58
linkou,96,CN,1635299140,45,45.3,130.2833,50.09,8.97
kenai,90,US,1635299140,69,60.5544,-151.2583,39.29,0
kodiak,90,US,1635299140,52,57.79,-152.4072,39.27,16.11
bogatynia,99,PL,1635299141,88,50.9075,14.9563,48.49,1.99
makakilo city,1,US,1635299141,53,21.3469,-158.0858,84.52,11.5
chuzhou,34,CN,1635299142,58,32.3219,118.2978,66.36,8.21
san francisco,0,AR,1635299142,30,-31.428,-62.0827,76.87,10.74
anicuns,100,BR,1635299143,90,-16.4611,-49.9617,70.27,4.85
praia da vitoria,40,PT,1635299143,88,38.7333,-27.0667,70.05,26.66
balabac,85,PH,1635299143,74,7.9868,117.0645,84.36,9.13
tadpatri,100,IN,1635299144,64,14.9167,78.0167,76.57,3.87
sobolevo,100,RU,1635299144,69,54.4299,31.8996,38.07,11.63
komsomolskiy,0,RU,1635299145,60,43.9783,46.6985,35.78,4.5
san quintin,0,MX,1635299145,74,30.4833,-115.95,62.31,16.42
cockburn town,74,TC,1635299145,76,21.4612,-71.1419,82.0,3.69
nakamura,4,JP,1635299146,47,32.9833,132.9333,70.93,3.91
la sarre,100,CA,1635298855,73,48.8002,-79.1996,39.88,8.81
pilar,94,PH,1635299146,72,14.66,120.5653,86.92,8.19
rasra,0,IN,1635299147,63,25.85,83.85,70.9,4.07
samarai,26,PG,1635299147,76,-10.6167,150.6667,83.3,11.07
pisco,0,PE,1635299095,82,-13.7,-76.2167,61.02,11.5
dalbandin,0,PK,1635299076,19,28.8947,64.4101,58.93,6.22
lavrentiya,97,RU,1635299148,71,65.5833,-171,13.64,6.31
lorengau,11,PG,1635299209,65,-2.0226,147.2712,86.11,5.82
bontang,63,ID,1635299209,73,0.1333,117.5,84.15,7.25
la ronge,90,CA,1635299209,87,55.1001,-105.2842,43.05,6.91
tiksi,100,RU,1635299210,94,71.6872,128.8694,14.13,3.53
tadine,100,NC,1635299210,74,-21.55,167.8833,78.08,6.08
san miguel,76,PE,1635299211,80,-13.0125,-73.9808,58.15,4.23
danville,1,US,1635299211,61,36.586,-79.395,54.21,10.36
yunhe,1,CN,1635299211,52,34.0833,119.7167,66.72,11.3
dingle,100,IE,1635299212,94,52.1408,-10.2689,59.23,22.68
shakiso,91,ET,1635299212,97,5.75,38.9167,55.63,3.6
miles city,1,US,1635299213,71,46.4083,-105.8406,48.51,6.91
vung tau,100,VN,1635299213,87,10.346,107.0843,77.72,10.38
bonthe,43,SL,1635299214,88,7.5264,-12.505,76.42,3.47
luderitz,2,NA,1635299214,87,-26.6481,15.1594,57.36,3.15
rosarito,0,MX,1635299215,71,32.3333,-117.0333,63.55,9.64
safranbolu,0,TR,1635299215,70,41.2508,32.6942,40.41,2.17
ostrovnoy,100,RU,1635299216,83,68.0531,39.5131,30.54,19.53
lakatoro,18,VU,1635299216,73,-16.0999,167.4164,83.1,8.28
balkhash,0,KZ,1635299217,70,46.844,74.9804,39.81,13.42
tomatlan,48,MX,1635299217,94,19.9333,-105.25,75.34,2.35
olafsvik,100,IS,1635299217,87,64.8945,-23.7142,41.76,37.85
bud,100,NO,1635299218,83,62.9088,6.9145,48.25,12.15
zyryanka,55,RU,1635299218,82,65.75,150.85,7.48,8.19
uuemoisa,40,EE,1635299218,92,58.9394,23.5894,47.03,14.97
sitka,75,US,1635299219,57,57.0531,-135.33,49.89,8.05
coquimbo,20,CL,1635299219,94,-29.9533,-71.3436,55.13,5.75
xining,54,CN,1635299220,74,36.6167,101.7667,35.64,2.39
dzhebariki-khaya,100,RU,1635299221,97,62.2167,135.8,32.25,1.45
los rastrojos,100,VE,1635299221,100,10.0259,-69.2417,68.36,4.61
kumluca,19,TR,1635299222,56,36.3703,30.2869,64.67,5.66
birao,94,CF,1635299222,48,10.2849,22.7882,73.51,1.63
presidencia roque saenz pena,0,AR,1635299223,44,-26.7852,-60.4388,70.21,7.76
mount isa,40,AU,1635299223,21,-20.7333,139.5,96.57,5.75
deputatskiy,100,RU,1635299223,91,69.3,139.9,4.96,2.8
saquisili,40,EC,1635299224,93,-0.8333,-78.6667,51.51,1.14
adrar,0,DZ,1635299224,27,25.75,-1,73.83,10.31
ahipara,97,NZ,1635299127,67,-35.1667,173.1667,68.47,6.82
rocha,0,UY,1635299023,83,-34.4833,-54.3333,65.39,5.32
chokurdakh,99,RU,1635299225,97,70.6333,147.9167,-6.66,4.05
imbituba,100,BR,1635299225,89,-28.24,-48.6703,69.69,9.4
san jose,88,GT,1635299226,94,16.9833,-89.9,76.33,4.21
matagami,90,CA,1635299226,93,49.7502,-77.6328,35.71,5.75
dawei,87,MM,1635299226,70,14.0833,98.2,82.44,3.67
aguilas,74,ES,1635299227,85,37.4063,-1.5829,66.33,8.93
naruja,0,GE,1635299227,70,41.9069,41.9542,47.19,4.32
luoyang,99,CN,1635299228,54,34.6836,112.4536,61.93,3.8
uglich,100,RU,1635299228,89,57.5275,38.3317,33.78,9.01
blackwater,0,AU,1635299229,35,-23.5833,148.8833,89.96,9.78
east london,100,ZA,1635299229,85,-33.0153,27.9116,67.15,18.86
khandbari,37,NP,1635299229,73,27.3747,87.2039,65.61,0.49
sumbe,100,AO,1635299290,82,-11.2061,13.8437,73.8,7.52
mahebourg,66,MU,1635299291,66,-20.4081,57.7,72.25,13.42
dimapur,32,IN,1635299291,81,25.9,93.7333,73.35,2.55
chernyshevsk,3,RU,1635299292,49,52.5243,117.0174,40.78,3.91
saint george,90,BM,1635299009,89,32.3817,-64.6781,80.74,23.02
sisimiut,45,GL,1635299292,59,66.9395,-53.6735,20.12,8.19
hvide sande,100,DK,1635299293,91,56.0045,8.1294,57.49,25.99
candiis,94,PH,1635299294,81,8.9703,125.1842,81.82,2.77
ewa beach,20,US,1635299233,53,21.3156,-158.0072,85.95,5.75
zaragoza,0,ES,1635299012,70,41.6561,-0.8773,49.8,0
ankang,100,CN,1635299295,78,32.68,109.0172,59.29,1.72
southbridge,70,NZ,1635299295,77,-43.8167,172.25,64.85,9.42
miquelon,31,PM,1635299296,70,47.0975,-56.3814,49.5,4.18
savannah bight,12,HN,1635299296,77,16.45,-85.85,82.99,21.9
zyryanovsk,88,KZ,1635299297,54,49.7386,84.2719,39.99,1.63
miraflores,100,CO,1635299297,99,1.3367,-71.9511,71.82,2.59
macau,6,BR,1635299298,70,-5.115,-36.6344,78.48,21.83
coahuayana,100,MX,1635299067,89,18.7333,-103.6833,81.88,0.56
fairbanks,90,US,1635299298,91,64.8378,-147.7164,31.6,3.44
zhangye,0,CN,1635299299,50,38.9342,100.4517,45.09,0.76
maningrida,33,AU,1635299299,52,-12.0667,134.2667,92.14,11.56
saint-georges,11,GF,1635299300,98,3.9,-51.8,73.15,2.8
aguimes,40,ES,1635299300,66,27.9054,-15.4461,66.83,10.36
manaus,0,BR,1635299047,89,-3.1019,-60.025,81.1,4.61
caxito,100,AO,1635299301,77,-8.5785,13.6643,74.17,1.9
richards bay,100,ZA,1635299301,90,-28.783,32.0377,65.95,4.85
okhotsk,100,RU,1635299302,84,59.3833,143.3,26.1,5.53
jaguarari,0,BR,1635299302,66,-10.2639,-40.1958,70.68,10.51
port blair,40,IN,1635299303,84,11.6667,92.75,84.24,2.3
muisne,100,EC,1635299303,88,0.6,-80.0333,75.97,9.01
contamana,99,PE,1635299303,78,-7.3333,-75.0167,71.04,0.67
kazachinskoye,58,RU,1635299304,65,57.6953,93.2761,35.87,16.64
najran,3,SA,1635299304,19,17.4924,44.1277,61.45,0.36
nkhotakota,6,MW,1635299304,70,-12.9274,34.2961,76.96,8.93
ashtian,13,IR,1635299305,54,34.5217,50.0019,39.34,0.98
souillac,58,MU,1635299133,68,-20.5167,57.5167,72.36,12.28
rabat,0,MA,1635299305,96,33.9911,-6.8401,61.16,0
la joya,99,MX,1635299306,91,18.6667,-99.4667,74.39,4.27
mecca,12,SA,1635299111,54,21.4267,39.8261,78.75,1.92
ubala,100,CO,1635299306,94,4.7478,-72.5369,74.1,4.38
corinto,40,NI,1635299307,84,12.482,-87.1734,79.66,0.45
cape canaveral,1,US,1635299307,74,28.4058,-80.6048,77.04,8.05
svetogorsk,100,RU,1635299308,94,61.1121,28.8632,45.36,4.92
diapaga,91,BF,1635299308,37,12.0708,1.7889,79.16,5.55
road town,10,VG,1635299308,73,18.4167,-64.6167,81.19,9.53
priladozhskiy,100,RU,1635299309,55,59.85,31.4833,44.62,10.69
olen,100,NO,1635299309,96,59.6044,5.808,55.42,9.53
khiv,31,RU,1635299310,71,41.7543,47.9306,27.12,6.64
alofi,75,NU,1635299310,61,-19.0595,-169.9187,80.49,17.27
pirapora,44,BR,1635299310,68,-17.345,-44.9419,75.56,6.35
vila do maio,85,CV,1635299371,76,15.1333,-23.2167,77.79,13.04
quthing,12,LS,1635299371,72,-30.4,27.7003,55.76,4.88
wanning,98,CN,1635299371,92,18.8003,110.3967,76.21,7.7
mandera,63,KE,1635299372,62,3.9366,41.867,79.14,14
derby,75,US,1635299082,78,37.5456,-97.2689,69.69,1.99
rochegda,100,RU,1635299372,98,62.8,43.25,36.25,7.83
sesto calende,15,IT,1635299373,91,45.7261,8.634,50.59,6.91
coihaique,90,CL,1635299342,66,-45.5752,-72.0662,53.55,4.61
chissamba,97,AO,1635299373,91,-12.1667,17.3333,63.81,2.04
buluang,96,PH,1635299373,65,13.3068,123.3425,86.65,4
worland,1,US,1635299374,87,44.0169,-107.9554,42.28,4.61
sao joao da barra,100,BR,1635299374,93,-21.6403,-41.0511,73.02,5.03
port huron,90,US,1635299374,82,42.9709,-82.4249,46.44,8.01
hami,0,CN,1635299375,28,42.8,93.45,52.25,1.81
nikel,100,RU,1635299375,83,69.4128,30.222,32.18,10.8
ola,59,RU,1635299375,72,59.5833,151.2833,28.36,6.2
havre,1,US,1635299376,37,48.55,-109.6841,50.27,18.41
dubbo,0,AU,1635299376,27,-32.25,148.6167,77.13,9.22
mount gambier,100,AU,1635299377,22,-37.8333,140.7667,80.51,17.27
qaqortoq,88,GL,1635299377,60,60.7167,-46.0333,32.5,6.13
nyaunglebin,8,MM,1635299377,85,17.95,96.7333,79.14,2.98
lamu,39,KE,1635299378,88,-2.2717,40.902,79.02,8.12
saint-augustin,10,CA,1635299378,74,51.226,-58.6502,38.17,6.53
lengshuitan,100,CN,1635299378,83,26.4111,111.5956,60.51,2.82
jamai,30,IN,1635299379,66,22.2,78.5833,66.65,4.41
nanchang,91,CN,1635299379,57,28.6833,115.8833,68.16,6.2
skibbereen,100,IE,1635299380,95,51.55,-9.2667,58.8,25.28
tabuk,0,SA,1635299380,45,28.3833,36.5833,64.42,8.05
havoysund,91,NO,1635299380,60,70.9963,24.6622,32.88,27.11
ordzhonikidze,32,UA,1635299381,75,44.9654,35.3658,48.06,7.43
robertsport,89,LR,1635299381,85,6.7533,-11.3686,77.05,2.95
afua,97,BR,1635299382,81,-0.1567,-50.3867,77.36,6.58
cortez,20,US,1635299382,64,37.3489,-108.5859,41.76,11.5
hamilton,90,BM,1635299382,93,32.2915,-64.778,81.0,21
yertsevo,100,RU,1635299383,97,60.7966,40.086,35.89,7.09
jiujiang,98,CN,1635299383,59,29.7333,115.9833,67.32,5.41
benguela,94,AO,1635299383,74,-12.5763,13.4055,72.86,2.21
margate,100,ZA,1635299384,88,-30.8636,30.3705,66.88,13.6
khandyga,100,RU,1635299384,96,62.6667,135.6,30.88,1.72
lagunas,98,PE,1635299385,94,-5.2269,-75.6753,69.46,2.15
ringkobing,100,DK,1635299385,91,56.0901,8.244,57.42,23.73
antalaha,4,MG,1635299385,81,-14.9003,50.2788,68.74,6.82
college,90,US,1635299386,91,64.8569,-147.8028,31.59,3.44
thompson,90,CA,1635299124,93,55.7435,-97.8558,37.56,6.91
huarmey,78,PE,1635299386,84,-10.0681,-78.1522,63.97,8.68
brainerd,1,US,1635299327,49,46.358,-94.2008,50.25,8.05
chumphon,100,TH,1635299387,80,10.3333,98.8333,73.51,3.42
ulaangom,36,MN,1635299387,53,49.9811,92.0667,36.09,1.16
minab,0,IR,1635299388,74,27.1467,57.0801,74.7,2.89
carutapera,98,BR,1635299388,81,-1.195,-46.02,79.34,9.33
ust-ilimsk,100,RU,1635299448,68,58.0006,102.6619,43.21,13.47
antsohihy,0,MG,1635299449,62,-14.8796,47.9875,73.4,7.09
djenne,13,ML,1635299449,32,13.9061,-4.5533,85.59,1.28
bako,78,ET,1635299449,72,5.7833,36.5667,65.07,3.04
villars-sur-glane,20,CH,1635299450,92,46.7905,7.1172,47.3,2.3
chany,80,RU,1635299450,77,55.3121,76.7647,27.37,10
volsk,46,RU,1635299450,67,52.0333,47.3833,32.92,8.72
bridlicna,100,CZ,1635299451,89,49.9117,17.3711,44.87,3.47
los llanos de aridane,75,ES,1635299451,78,28.6585,-17.9182,64.13,1.01
leh,100,IN,1635299452,72,34.1667,77.5833,27.09,0.87
boende,100,CD,1635299452,94,-0.2167,20.8667,71.15,1.63
nizhniy tsasuchey,7,RU,1635299453,49,50.5167,115.1333,43.95,7.09
scarborough,100,GB,1635299327,79,54.2797,-0.4044,60.62,5.99
sampit,74,ID,1635299453,62,-2.5333,112.95,88.39,3.09
sibolga,69,ID,1635299453,80,1.7427,98.7792,80.38,2.62
port-gentil,100,GA,1635299454,88,-0.7193,8.7815,77.45,13.76
bocas del toro,69,PA,1635299454,78,9.3333,-82.25,80.73,2.3
gondanglegi,90,ID,1635299454,56,-7.7479,112.0132,89.22,11.12
montes claros,0,BR,1635299455,60,-16.735,-43.8617,74.98,4.61
tilichiki,5,RU,1635299455,84,60.4667,166.1,10.47,5.12
zeya,99,RU,1635299456,71,53.75,127.2667,40.71,1.66
acapetahua,90,MX,1635299456,93,15.2833,-92.7,78.1,1.43
constitucion,6,MX,1635299456,71,23.9912,-104.6749,61.41,13.58
pindiga,100,NG,1635299457,83,9.9833,10.9333,74.26,3.56
parintins,25,BR,1635299457,75,-2.6283,-56.7358,78.89,2.51
yaring,100,TH,1635299457,77,6.8662,101.3689,83.28,1.79
watertown,90,US,1635299178,94,42.3709,-71.1828,55.42,7
san ramon,22,BO,1635299458,64,-13.2833,-64.7167,75.85,3.69
lichinga,75,MZ,1635299458,82,-13.3128,35.2406,66.29,12.66
saint-pierre,52,PM,1635299459,68,46.7654,-56.1695,48.63,0.98
hobyo,58,SO,1635299305,76,5.3505,48.5268,80.11,7.76
muli,99,MV,1635299459,76,2.9167,73.5667,81.97,13
uthai thani,100,TH,1635299459,86,15.3833,99.55,78.35,2.15
manokwari,92,ID,1635299460,69,-0.8667,134.0833,84.07,6.42
ballina,100,IE,1635299460,94,54.1167,-9.1667,57.7,12.8
araouane,10,ML,1635299460,20,18.9048,-3.5265,82.99,6.62
paamiut,0,GL,1635299461,56,61.994,-49.6678,37.2,8.08
chernyshevskiy,100,RU,1635299461,88,63.0128,112.4714,19.72,5.21
nipawin,90,CA,1635299462,100,53.3668,-104.0009,41.04,4.61
katangli,15,RU,1635299462,62,51.7102,143.2326,48.79,7.83
kabanjahe,99,ID,1635299463,95,3.1001,98.4908,65.16,0.63
lima,20,PE,1635299393,79,-12.0432,-77.0282,63.9,14.97
artvin,0,TR,1635299463,67,41.1667,41.8333,38.48,4.81
scottsboro,1,US,1635299464,87,34.6723,-86.0341,55.24,3.44
dicabisagan,38,PH,1635299464,64,17.0818,122.4157,84.16,8.61
colomi,69,BO,1635299464,70,-17.35,-65.8667,57.22,1.59
concepcion de buenos aires,12,MX,1635299465,96,19.9667,-103.2667,55.02,3.91
atar,95,MR,1635299465,24,20.5169,-13.0499,81.19,14.85
libreville,75,GA,1635299262,83,0.3925,9.4537,80.62,5.75
cambara,99,BR,1635299466,73,-23.0464,-50.0736,69.96,7.9
san rafael del sur,64,NI,1635299526,87,11.8485,-86.4384,79.77,4.36
baraboo,1,US,1635299526,77,43.4711,-89.7443,45.0,6.91
puerto palomas,0,MX,1635299527,22,31.7667,-107.6167,61.93,27.56
tigil,100,RU,1635299527,100,57.8,158.6667,32.61,2.17
shagonar,51,RU,1635299527,61,51.5333,92.8,38.53,1.99
beringovskiy,100,RU,1635299528,83,63.05,179.3167,8.73,22.95
groningen,69,SR,1635299528,95,5.8,-55.4667,78.85,6.2
pochutla,97,MX,1635299369,89,15.7432,-96.4661,80.82,4.65
karpathos,83,GR,1635299529,77,35.507,27.2132,62.56,4.61
laurens,1,US,1635299529,79,32.4502,-82.9165,62.98,3.44
caravelas,4,BR,1635299296,82,-17.7125,-39.2481,74.37,5.08
kariba,39,ZW,1635299529,56,-16.5167,28.8,76.95,4.47
presidente epitacio,100,BR,1635299530,69,-21.7633,-52.1156,74.3,4.18
linqiong,98,CN,1635299379,78,30.4159,103.4609,63.79,0.76
puerto carreno,100,CO,1635299530,89,6.189,-67.4859,77.4,3.04
msanga,76,TZ,1635299531,76,-6.05,36.0333,67.17,7.31
jalu,0,LY,1635299531,55,29.0331,21.5482,67.96,9.01
tougue,67,GN,1635299531,93,11.4667,-11.6,67.6,1.48
haradok,100,BY,1635299532,84,55.4624,29.9816,38.68,9.69
camocim,8,BR,1635299532,79,-2.9022,-40.8411,79.52,14.61
puerto varas,40,CL,1635299486,93,-41.3195,-72.9854,50.22,3.44
stornoway,75,GB,1635299346,87,58.2093,-6.3865,52.93,12.66
tynda,99,RU,1635299533,67,55.1667,124.7167,36.68,7.58
carnot,100,CF,1635299500,97,4.9409,15.8665,68.81,2.33
maku,0,IR,1635299533,39,39.2911,44.4521,34.84,0.87
terrenate,56,MX,1635299534,89,19.4833,-97.9167,53.46,3.74
sirur,0,IN,1635299534,57,18.8333,74.3833,71.67,5.46
sokoni,20,TZ,1635299534,79,-6.4333,39.55,78.42,14.05
changji,0,CN,1635299535,60,44.0167,87.3167,41.79,4.47
tondi,87,IN,1635299535,73,9.7333,79.0167,81.34,8.16
hit,3,IQ,1635299535,32,33.6416,42.8251,66.51,2.1
bumba,100,CD,1635299536,98,2.1833,22.4667,70.52,1.66
nabire,18,ID,1635299536,68,-3.3667,135.4833,85.86,4.43
mogadishu,13,SO,1635299536,80,2.0371,45.3438,79.09,10.25
comodoro rivadavia,0,AR,1635299359,34,-45.8667,-67.5,64.26,21.85
mogwase,6,ZA,1635299537,68,-25.185,27.2665,64.78,4.36
uni,100,RU,1635299537,96,57.7535,51.4923,29.28,9.6
lompoc,1,US,1635299534,72,34.6391,-120.4579,66.56,12.66
korla,1,CN,1635299537,39,41.7597,86.1469,46.67,2.89
honiara,68,SB,1635299538,63,-9.4333,159.95,88.81,3.98
makat,0,KZ,1635299538,60,47.6469,53.3463,33.03,6.06
labytnangi,89,RU,1635299539,86,66.6572,66.4183,13.78,5.48
